attack,test_ca,best_val_ca
none,0.9669833729216152,0.9987068965517242
